epoch,loss,iou,val_loss,val_iou
0,0.5497948169708252,0.0857271074933139,0.492236104922566,9.978169807144938e-11
